State,District,Year,mean_ndvi,wheat_data,tomato_data,potato_data,Percapita_Income,Population_density,total_markets,supermarket,convenience,greengrocer,grocery,marketplace,Malnutrition_Rate,Anemia_Rate,BMI_Avg,access_score
Delhi,Central,2018,0.1868,1740.77,1257.86,1207.25,358213,25776,249,67,92,35,0,55,24.96,57.98,23.62,0.37291097269275497
Delhi,East,2018,0.1795,1858.46,1296.17,1183.74,325066,30694,208,50,74,34,0,50,27.75,54.7,23.37,0.34786554305958617
Delhi,New Delhi,2018,0.1976,1818.92,1273.32,1187.44,348649,6071,238,62,90,34,0,52,19.08,64.9,23.35,0.4072081391602498
Delhi,North,2018,0.2061,1811.96,1284.88,1198.22,331418,16458,71,18,26,7,0,20,17.88,57.84,23.53,0.2851742161305896
Delhi,North East,2018,0.1902,1790.68,1285.63,1193.4,359139,33216,112,32,37,16,0,27,23.9,54.7,23.59,0.2824976231287771
Delhi,North West,2018,0.2464,1789.33,1275.95,1198.33,336565,33117,59,15,21,3,0,20,20.98,63.0,23.61,0.23035033758656595
Delhi,Shahdara,2018,0.18,1784.45,1278.93,1198.65,326766,40889,161,43,55,22,0,41,28.88,60.8,23.49,0.2738779270974846
Delhi,South,2018,0.2585,1812.48,1276.58,1198.06,323299,22087,213,66,78,32,0,37,21.37,56.3,23.4,0.38595889464613464
Delhi,South East,2018,0.2114,1804.3,1276.27,1194.13,337703,26583,227,59,83,37,0,48,19.72,60.83,23.16,0.3835917070837054
Delhi,South West,2018,0.2753,1807.85,1273.56,1194.68,344340,6585,91,32,23,9,1,26,18.99,63.71,23.6,0.331913460777457
Delhi,West,2018,0.2259,1787.57,1279.01,1197.67,338780,22105,112,30,34,14,1,33,21.95,63.3,23.4,0.31000673035080584
Haryana,Bhiwani,2018,0.3797,1735.0,1027.98,862.31,161039,383,0,0,0,0,0,0,19.36,68.32,22.33,0.2541047783926258
Haryana,Charkhi Dadri,2018,0.4532,1737.82,1261.32,1023.86,161039,457,0,0,0,0,0,0,17.94,70.42,22.49,0.2765789661139821
Haryana,Faridabad,2018,0.2722,1725.56,1273.57,1020.01,349133,2949,12,6,1,0,0,5,19.57,61.82,23.25,0.2731476284015893
Haryana,Gurgaon,2018,0.3074,1662.11,1319.15,1202.57,710552,3043,62,26,14,4,0,18,20.8,68.1,22.66,0.36434143036700534
Haryana,Jhajjar,2018,0.3987,1735.4,1408.9,1174.73,201405,555,0,0,0,0,0,0,11.89,69.0,23.57,0.26505023066842576
Haryana,Jind,2018,0.3244,1732.48,1147.65,908.18,355878,535,1,0,0,0,0,1,19.84,64.74,22.57,0.2853468070518286
Haryana,Karnal,2018,0.4804,1735.04,1361.02,937.28,241583,671,1,0,1,0,0,0,20.62,70.61,22.98,0.2693002736930633
Haryana,Mahendragarh,2018,0.4861,1737.58,1151.44,936.15,132395,553,0,0,0,0,0,0,17.09,67.27,22.66,0.2765489815781717
Haryana,Mewat,2018,0.4067,1723.09,1253.3,1120.33,110273,905,0,0,0,0,0,0,32.77,69.0,21.68,0.21064248214276232
Haryana,Palwal,2018,0.4323,1735.0,1119.67,967.39,158261,900,0,0,0,0,0,0,21.42,64.88,22.48,0.2721234259840816
Haryana,Panipat,2018,0.4007,1735.04,1357.6,1107.61,441132,1107,0,0,0,0,0,0,18.79,70.64,23.11,0.2871358951516226
Haryana,Rewari,2018,0.5376,1735.0,1235.95,1236.92,328058,634,2,1,0,0,0,1,19.36,67.09,22.73,0.31203163620084184
Haryana,Rohtak,2018,0.2862,1735.0,1400.22,1059.2,211060,659,3,1,0,1,0,1,21.95,71.24,22.9,0.2450749858015578
Haryana,Sonipat,2018,0.3816,1735.0,1336.58,1061.42,441132,703,0,0,0,0,0,0,15.95,61.46,23.2,0.3071906307383087
Rajasthan,Alwar,2018,0.4283,1745.97,1447.71,1188.35,151960,516,1,0,0,0,0,1,25.3,58.68,21.55,0.2617059284978831
Rajasthan,Bharatpur,2018,0.3865,1743.79,1014.66,963.55,84515,576,0,0,0,0,0,0,28.0,68.74,21.34,0.1970509720185243
Uttar Pradesh,Baghpat,2018,0.3826,1709.07,1081.44,818.27,109093,1067,0,0,0,0,0,0,21.37,57.24,22.88,0.25946344056975607
Uttar Pradesh,Bulandshahr,2018,0.3547,1741.35,913.1,785.81,114590,895,0,0,0,0,0,0,26.78,58.55,22.72,0.2431943328420052
Uttar Pradesh,Gautam Buddha Nagar,2018,0.2545,1787.68,1080.08,883.54,759367,1420,5,2,1,1,0,1,20.6,61.64,22.88,0.3239576701554523
Uttar Pradesh,Ghaziabad,2018,0.2156,1806.41,1108.08,940.47,141424,5041,50,16,12,7,0,15,23.67,58.96,23.53,0.24974808944003543
Uttar Pradesh,Hapur,2018,0.3613,1753.56,984.67,832.39,128880,6688,0,0,0,0,0,0,26.03,60.48,23.05,0.2260878796855367
Uttar Pradesh,Meerut,2018,0.3404,1778.98,956.44,853.51,176319,984,21,16,3,0,0,2,22.77,50.84,23.19,0.28064381971835495
Uttar Pradesh,Muzaffarnagar,2018,0.3528,1764.6,983.86,822.14,109093,1153,0,0,0,0,0,0,27.58,56.22,22.75,0.24735315182754014
Uttar Pradesh,Shamli,2018,0.4161,1752.9,998.96,850.91,100198,1451,0,0,0,0,0,0,27.6,53.92,22.54,0.26626666604507876
Delhi,Central,2019,0.2359,1733.17,1366.34,1316.41,352792,25508,307,77,127,44,0,59,24.16,57.48,23.72,0.4159349680390474
Delhi,East,2019,0.2331,1911.82,1277.94,1248.14,337991,31174,250,58,98,41,0,53,26.95,54.2,23.47,0.38268263414702564
Delhi,New Delhi,2019,0.2423,1845.83,1237.33,1229.61,347317,5932,296,72,125,43,0,56,18.28,64.4,23.45,0.4458983341173437
Delhi,North,2019,0.2214,1800.52,1314.97,1155.77,360407,16669,88,20,33,10,0,25,17.08,57.34,23.63,0.30050989452348065
Delhi,North East,2019,0.2278,1865.49,1411.43,1243.82,348979,34014,127,33,45,20,0,29,23.1,54.2,23.69,0.3006739346185236
Delhi,North West,2019,0.2172,1737.3,1258.48,1316.38,335732,33940,71,15,25,6,0,25,20.18,62.5,23.71,0.23449644062842104
Delhi,Shahdara,2019,0.2273,1773.43,1343.93,1163.9,352524,41871,189,48,70,28,0,43,28.08,60.3,23.59,0.2998542856414619
Delhi,South,2019,0.2702,1821.46,1358.59,1231.31,361804,22503,267,76,110,41,0,40,20.57,55.8,23.5,0.4252843325189242
Delhi,South East,2019,0.2508,1837.52,1257.95,1291.58,335296,27083,281,67,118,46,0,50,18.92,60.33,23.26,0.41916062013299665
Delhi,South West,2019,0.2262,1930.38,1349.0,1267.69,369582,6763,111,38,33,12,1,27,18.19,63.21,23.7,0.3476766808984265
Delhi,West,2019,0.2317,1751.73,1285.62,1263.01,380003,22502,134,36,44,17,1,36,21.15,62.8,23.5,0.32983263489097786
Haryana,Bhiwani,2019,0.2322,1836.84,2184.38,878.85,168000,388,0,0,0,0,0,0,18.56,67.82,22.43,0.2709805650408183
Haryana,Charkhi Dadri,2019,0.204,1784.98,1317.88,1080.55,168000,463,0,0,0,0,0,0,17.14,69.92,22.59,0.24894392257757084
Haryana,Faridabad,2019,0.2358,1840.83,1945.02,818.26,364000,3033,16,7,2,1,0,6,18.77,61.32,23.35,0.2865682332270778
Haryana,Gurgaon,2019,0.2323,1840.0,2136.4,1129.02,741000,3217,73,32,16,4,0,21,20.0,67.6,22.76,0.3871416597221802
Haryana,Jhajjar,2019,0.2226,600.0,1864.24,828.33,210000,559,0,0,0,0,0,0,11.09,68.5,23.67,0.21381542992542285
Haryana,Jind,2019,0.3694,1840.0,1643.12,835.27,371000,542,1,0,0,0,0,1,19.04,64.24,22.67,0.305299695519583
Haryana,Karnal,2019,0.2767,1832.81,1751.19,737.72,252000,682,1,0,1,0,0,0,19.82,70.11,23.08,0.25002659937196425
Haryana,Mahendragarh,2019,0.2139,1805.11,1781.08,799.25,138000,560,0,0,0,0,0,0,16.29,66.77,22.76,0.25385930056380396
Haryana,Mewat,2019,0.1996,1648.94,1665.22,817.58,115000,935,0,0,0,0,0,0,31.97,68.5,21.78,0.1896283805516301
Haryana,Palwal,2019,0.2639,1806.36,1917.53,855.85,165000,921,0,0,0,0,0,0,20.62,64.38,22.58,0.2690468734662477
Haryana,Panipat,2019,0.3082,1692.67,1996.88,1282.71,460000,1132,0,0,0,0,0,0,17.99,70.14,23.21,0.294852791925595
Haryana,Rewari,2019,0.1962,1500.0,1630.83,1048.46,342000,644,2,1,0,0,0,1,18.56,66.59,22.83,0.266475225585833
Haryana,Rohtak,2019,0.3098,1665.18,2079.23,1048.53,220000,667,3,1,0,1,0,1,21.15,70.74,23.0,0.2623958808049137
Haryana,Sonipat,2019,0.2806,1840.0,1729.25,966.29,460000,712,0,0,0,0,0,0,15.15,60.96,23.3,0.3053925214131851
Rajasthan,Alwar,2019,0.2422,1940.68,2036.82,1033.9,172149,527,1,0,0,0,0,1,24.5,58.18,21.65,0.2604308883210091
Rajasthan,Bharatpur,2019,0.1919,1907.17,1636.93,852.46,90100,587,0,0,0,0,0,0,27.2,68.24,21.44,0.19381480404503082
Uttar Pradesh,Baghpat,2019,0.3485,1861.34,1489.75,753.34,114912,1079,0,0,0,0,0,0,20.57,56.74,22.98,0.26722338140322044
Uttar Pradesh,Bulandshahr,2019,0.3298,1901.38,1232.42,667.67,120719,911,1,1,0,0,0,0,25.98,58.05,22.82,0.24999931280790852
Uttar Pradesh,Gautam Buddha Nagar,2019,0.2426,1936.87,1461.81,770.09,800029,1466,6,3,1,1,0,1,19.8,61.14,22.98,0.3380208955244971
Uttar Pradesh,Ghaziabad,2019,0.242,1952.83,1511.2,819.81,148971,5222,52,17,13,7,0,15,22.87,58.46,23.63,0.26483189762037007
Uttar Pradesh,Hapur,2019,0.3492,1915.47,1029.01,835.66,135788,6928,0,0,0,0,0,0,25.23,59.98,23.15,0.23015455406762347
Uttar Pradesh,Meerut,2019,0.3527,1952.42,1320.67,743.97,185748,997,21,16,3,0,0,2,21.97,50.34,23.29,0.2934224990044727
Uttar Pradesh,Muzaffarnagar,2019,0.4206,1930.14,1195.26,719.9,114912,1172,0,0,0,0,0,0,26.78,55.72,22.85,0.26347031956495953
Uttar Pradesh,Shamli,2019,0.4239,1919.15,1029.29,845.84,105541,1474,0,0,0,0,0,0,26.8,53.42,22.64,0.2727290250147406
Delhi,Central,2020,0.2462,1848.53,1421.05,1527.36,342583,25244,364,112,141,48,0,63,23.36,56.98,23.82,0.4703199503081232
Delhi,East,2020,0.2421,1956.71,1354.56,1406.41,332392,31662,302,86,110,45,0,61,26.15,53.7,23.57,0.42892733812189016
Delhi,New Delhi,2020,0.2538,1806.54,1199.08,1373.6,301798,5796,360,108,141,49,0,62,17.48,63.9,23.55,0.49360566342790224
Delhi,North,2020,0.2402,1883.25,1315.44,1210.16,300900,16883,110,37,35,12,0,26,16.28,56.84,23.73,0.3189039944065348
Delhi,North East,2020,0.2453,1971.39,1469.77,1328.8,308253,34830,152,48,53,22,0,29,22.3,53.7,23.79,0.321264342717237
Delhi,North West,2020,0.2394,1631.86,1288.96,1470.62,336266,34783,87,29,26,6,0,26,19.38,62.0,23.81,0.25158151555523145
Delhi,Shahdara,2020,0.2399,1805.2,1481.68,1207.9,312596,42876,224,71,76,30,0,47,27.28,59.8,23.69,0.3281274417442994
Delhi,South,2020,0.2917,1748.36,1372.15,1324.62,303438,22927,319,106,120,47,0,46,19.77,55.3,23.6,0.46413617864499745
Delhi,South East,2020,0.2641,2032.37,1272.87,1465.84,328135,27593,334,96,133,51,0,54,18.12,59.83,23.36,0.46937870887215066
Delhi,South West,2020,0.244,2029.95,1401.61,1433.7,338126,6946,129,50,32,14,1,32,17.39,62.71,23.8,0.3712074446422433
Delhi,West,2020,0.2462,1800.62,1352.68,1439.27,324345,22905,168,59,45,20,1,43,20.35,62.3,23.6,0.36236765689732175
Haryana,Bhiwani,2020,0.2399,1932.39,1506.02,1374.7,162187,394,0,0,0,0,0,0,17.76,67.32,22.53,0.27485627230557474
Haryana,Charkhi Dadri,2020,0.2164,1883.46,1341.67,1138.04,162187,470,0,0,0,0,0,0,16.34,69.42,22.69,0.2542293498577084
Haryana,Faridabad,2020,0.2763,1925.0,1634.25,1558.2,351352,3120,18,8,2,2,0,6,17.97,60.82,23.45,0.3062509477577952
Haryana,Gurgaon,2020,0.257,2082.48,1676.13,1651.51,715338,3400,80,40,16,4,0,20,19.2,67.1,22.86,0.40273238835981856
Haryana,Jhajjar,2020,0.2424,2634.85,1826.33,1848.57,202770,564,0,0,0,0,0,0,10.29,68.0,23.77,0.29472049814685825
Haryana,Jind,2020,0.3858,1925.0,1761.59,1739.96,358153,548,1,0,0,0,0,1,18.24,63.74,22.77,0.3332368586461162
Haryana,Karnal,2020,0.3412,1925.0,2032.35,1668.58,243176,694,1,0,1,0,0,0,19.02,69.61,23.18,0.2893603152066113
Haryana,Mahendragarh,2020,0.2389,2051.36,1573.74,1537.2,133194,567,0,0,0,0,0,0,15.49,66.27,22.86,0.27667782386774364
Haryana,Mewat,2020,0.25,1679.15,1666.23,1297.03,111035,965,0,0,0,0,0,0,31.17,68.0,21.88,0.21449765576698426
Haryana,Palwal,2020,0.3675,1925.0,1775.61,1572.0,159285,942,0,0,0,0,0,0,19.82,63.88,22.68,0.2996013264713846
Haryana,Panipat,2020,0.3569,1800.35,1695.95,1641.94,444020,1157,5,3,0,0,0,2,17.19,69.64,23.31,0.30808836225648767
Haryana,Rewari,2020,0.2283,1371.54,1447.37,1475.26,330156,655,2,1,0,0,0,1,17.76,66.09,22.93,0.2720047926017148
Haryana,Rohtak,2020,0.2902,1658.67,1463.58,1595.54,212380,675,3,1,0,1,0,1,20.35,70.24,23.1,0.2580835857860673
Haryana,Sonipat,2020,0.3315,1925.0,2022.12,1677.04,444020,721,0,0,0,0,0,0,14.35,60.46,23.4,0.3365995741571005
Rajasthan,Alwar,2020,0.2891,1769.69,1982.62,1875.33,168927,538,1,0,0,0,0,1,23.7,57.68,21.75,0.287354371162512
Rajasthan,Bharatpur,2020,0.254,1748.23,1820.47,1847.91,85321,599,0,0,0,0,0,0,26.4,67.74,21.54,0.2321460766630748
Uttar Pradesh,Baghpat,2020,0.3965,1912.86,1981.98,1663.51,108128,1092,0,0,0,0,0,0,19.77,56.24,23.08,0.30783639584473116
Uttar Pradesh,Bulandshahr,2020,0.3695,1906.18,1612.24,1638.8,113552,928,1,1,0,0,0,0,25.18,57.55,22.92,0.28716843596480074
Uttar Pradesh,Gautam Buddha Nagar,2020,0.2777,1931.09,1686.61,1715.84,752463,1513,5,2,1,1,0,1,19.0,60.64,23.08,0.3640371039501078
Uttar Pradesh,Ghaziabad,2020,0.2636,1941.87,1778.7,1835.69,140129,5409,59,19,15,7,0,18,22.07,57.96,23.73,0.3012627142209164
Uttar Pradesh,Hapur,2020,0.3788,2260.77,1130.93,844.25,127744,7176,0,0,0,0,0,0,24.43,59.48,23.25,0.24420531169761261
Uttar Pradesh,Meerut,2020,0.3922,1936.91,1591.77,1802.28,174758,1011,21,16,3,0,0,2,21.17,49.84,23.39,0.32924640297342816
Uttar Pradesh,Muzaffarnagar,2020,0.4568,1933.6,1639.85,1634.13,108128,1190,0,0,0,0,0,0,25.98,55.22,22.95,0.30024048708888357
Uttar Pradesh,Shamli,2020,0.4586,2008.81,1068.11,810.58,99317,1497,0,0,0,0,0,0,26.0,52.92,22.74,0.2786580799631876
Delhi,Central,2021,0.2422,1923.43,1609.33,1802.18,367850,24982,384,118,147,54,0,65,22.56,56.48,23.92,0.5041819738219081
Delhi,East,2021,0.2362,1915.1,1389.14,1494.88,376043,32157,320,93,114,50,0,63,25.35,53.2,23.67,0.45121872297421484
Delhi,New Delhi,2021,0.2501,1765.13,1162.18,1547.7,383945,5663,383,117,147,55,0,64,16.68,63.4,23.65,0.5265133092826471
Delhi,North,2021,0.231,1982.3,1272.51,1304.25,371873,17100,122,40,37,17,0,28,15.48,56.34,23.83,0.34274965773446536
Delhi,North East,2021,0.2369,2057.98,1663.66,1403.86,364619,35667,166,52,56,27,0,31,21.5,53.2,23.89,0.3479740634989884
Delhi,North West,2021,0.2312,1639.85,1427.11,1687.62,358982,35647,92,29,26,10,0,27,18.58,61.5,23.91,0.2676832059891593
Delhi,Shahdara,2021,0.2331,1843.42,1601.12,1195.03,352316,43906,242,78,80,35,0,49,26.48,59.3,23.79,0.3504140363458587
Delhi,South,2021,0.2887,1662.09,1453.61,1354.98,388734,23358,331,110,126,49,0,46,18.97,54.8,23.7,0.48178854422784023
Delhi,South East,2021,0.2582,2297.16,1381.26,1760.47,388081,28113,350,102,139,54,0,55,17.32,59.33,23.46,0.5041622561819296
Delhi,South West,2021,0.2512,2068.06,1502.62,1606.15,357110,7135,137,53,34,16,1,33,16.59,62.21,23.9,0.38871260018401727
Delhi,West,2021,0.2435,1979.59,1461.55,1565.54,393338,23316,179,62,48,24,1,44,19.55,61.8,23.7,0.3907666686292939
Haryana,Bhiwani,2021,0.2387,1975.0,2300.0,800.0,191133,399,1,0,0,0,0,1,16.96,66.82,22.63,0.2835664729527345
Haryana,Charkhi Dadri,2021,0.2283,1905.01,1346.72,1229.41,191133,476,0,0,0,0,0,0,15.54,68.92,22.79,0.26217740352953117
Haryana,Faridabad,2021,0.2607,1975.0,1759.07,823.91,414083,3209,19,9,2,2,0,6,17.17,60.32,23.55,0.2984574222738744
Haryana,Gurgaon,2021,0.2615,2134.88,1452.84,826.91,843244,3593,84,41,18,5,0,20,18.4,66.6,22.96,0.39743376045071466
Haryana,Jhajjar,2021,0.2507,2550.75,1723.98,3056.71,239020,569,0,0,0,0,0,0,10.0,67.5,23.87,0.32466461675486197
Haryana,Jind,2021,0.311,1975.0,2032.73,992.53,422204,554,1,0,0,0,0,1,17.44,63.24,22.87,0.3200038859683805
Haryana,Karnal,2021,0.2833,1976.46,2821.43,850.0,286541,706,6,2,1,0,0,3,18.22,69.11,23.28,0.2895419451491137
Haryana,Mahendragarh,2021,0.2364,2184.63,1146.51,751.14,156948,574,0,0,0,0,0,0,14.69,65.77,22.96,0.2532532974412398
Haryana,Mewat,2021,0.2377,1832.98,1768.75,759.0,130870,997,0,0,0,0,0,0,30.37,67.5,21.98,0.2142588364801306
Haryana,Palwal,2021,0.3141,2158.14,2133.33,705.0,187739,964,0,0,0,0,0,0,19.02,63.38,22.78,0.2885898217701315
Haryana,Panipat,2021,0.2905,2021.27,952.1,660.36,523243,1183,5,3,0,0,0,2,16.39,69.14,23.41,0.273433576025161
Haryana,Rewari,2021,0.2258,1324.74,1383.5,771.0,389120,665,2,1,0,0,0,1,16.96,65.59,23.03,0.2584944335631625
Haryana,Rohtak,2021,0.285,1587.9,2652.94,803.66,250262,683,3,1,0,1,0,1,19.55,69.74,23.2,0.26730188461578963
Haryana,Sonipat,2021,0.2902,2017.58,1588.73,844.34,523243,730,0,0,0,0,0,0,13.55,59.96,23.5,0.3126361134692963
Rajasthan,Alwar,2021,0.2846,1796.78,1921.7,1049.68,203507,549,1,0,0,0,0,1,22.9,57.18,21.85,0.2756979604367189
Rajasthan,Bharatpur,2021,0.2319,1764.49,1662.54,978.86,104061,611,2,2,0,0,0,0,25.6,67.24,21.64,0.21448753666148343
Uttar Pradesh,Baghpat,2021,0.3613,1900.3,1508.79,893.71,129108,1104,0,0,0,0,0,0,18.97,55.74,23.18,0.275176096819628
Uttar Pradesh,Bulandshahr,2021,0.355,1879.51,1393.04,928.98,135548,945,1,1,0,0,0,0,24.38,57.05,23.02,0.26426989076714047
Uttar Pradesh,Gautam Buddha Nagar,2021,0.263,1892.93,1515.83,1088.84,898155,1561,5,2,1,1,0,1,18.2,60.14,23.18,0.3595007432741002
Uttar Pradesh,Ghaziabad,2021,0.2488,1912.11,1483.43,1037.13,167241,5603,67,25,15,8,0,19,21.27,57.46,23.83,0.2826098283153738
Uttar Pradesh,Hapur,2021,0.3572,2813.16,1337.13,837.81,152480,7434,0,0,0,0,0,0,23.63,58.98,23.35,0.2631902693610556
Uttar Pradesh,Meerut,2021,0.3568,1887.33,1373.76,981.64,208627,1025,23,16,3,0,0,4,20.37,49.34,23.49,0.3029475031343608
Uttar Pradesh,Muzaffarnagar,2021,0.3994,1884.8,1530.52,946.91,129108,1209,12,12,0,0,0,0,25.18,54.72,23.05,0.2854577596933446
Uttar Pradesh,Shamli,2021,0.416,2189.74,1201.09,808.99,118547,1520,1,0,0,0,0,1,25.2,52.42,22.84,0.28365589300490596
Delhi,Central,2022,0.1787,1997.6,1878.44,1999.74,426825,24722,412,118,168,54,0,72,21.76,55.98,24.02,0.5238208430097121
Delhi,East,2022,0.1764,1797.68,1424.94,1516.46,422276,32660,346,93,134,50,0,69,24.55,52.7,23.77,0.4527677869069079
Delhi,New Delhi,2022,0.1862,1717.94,1127.96,1772.94,432990,5533,411,117,168,55,0,71,15.88,62.9,23.75,0.535131686769021
Delhi,North,2022,0.1701,2078.81,1301.99,1441.82,423756,17320,125,41,38,17,0,29,14.68,55.84,23.93,0.3490490282459158
Delhi,North East,2022,0.1721,2272.05,2014.64,1546.38,434006,36523,181,51,69,27,0,34,20.7,52.7,23.99,0.3665087667081046
Delhi,North West,2022,0.1692,1723.04,1695.28,2016.83,425313,36532,95,30,27,10,0,28,17.78,61.0,24.01,0.2843735479659255
Delhi,Shahdara,2022,0.1712,2037.97,1835.81,1296.09,458470,44960,257,76,94,35,0,52,25.68,58.8,23.89,0.36859001049124207
Delhi,South,2022,0.2284,1608.65,1606.15,1423.36,437625,23798,346,108,139,49,0,50,18.17,54.3,23.8,0.48514092540828746
Delhi,South East,2022,0.2024,2479.81,1433.97,2051.9,453676,28642,375,101,159,54,0,61,16.52,58.83,23.56,0.5228975702577078
Delhi,South West,2022,0.18,2226.19,1562.33,1901.82,438036,7328,152,54,44,16,1,37,15.79,61.71,24.0,0.4067885530523164
Delhi,West,2022,0.1781,2296.96,1703.57,1675.95,403987,23734,191,62,55,24,1,49,18.75,61.3,23.8,0.4033947676415306
Haryana,Bhiwani,2022,0.1723,2024.42,1530.2,1077.66,214197,404,1,0,0,0,0,1,16.16,66.32,22.73,0.2681986412592877
Haryana,Charkhi Dadri,2022,0.1584,1992.43,1407.14,1341.71,214197,483,0,0,0,0,0,0,14.74,68.42,22.89,0.2621567538262143
Haryana,Faridabad,2022,0.2076,2015.0,1761.89,1098.57,464052,3300,19,9,2,2,0,6,16.37,59.82,23.65,0.3053678477055232
Haryana,Gurgaon,2022,0.1952,2028.09,1745.41,1240.89,944793,3798,87,41,21,5,0,20,17.6,66.1,23.06,0.41547374821482685
Haryana,Jhajjar,2022,0.1684,2445.38,1910.7,1265.25,267877,574,0,0,0,0,0,0,10.0,67.0,23.97,0.27200916741023823
Haryana,Jind,2022,0.2107,2021.49,1722.11,1073.45,473079,561,1,0,0,0,0,1,16.64,62.74,22.97,0.30912907781105586
Haryana,Karnal,2022,0.205,2015.54,1810.97,1184.37,321117,717,6,1,1,0,0,4,17.42,68.61,23.38,0.26935571034565636
Haryana,Mahendragarh,2022,0.1715,2095.67,1514.55,1059.83,175882,581,0,0,0,0,0,0,13.89,65.27,23.06,0.26055560269474065
Haryana,Mewat,2022,0.171,2034.63,1759.45,1229.33,146695,1030,0,0,0,0,0,0,29.57,67.0,22.08,0.23032533252904275
Haryana,Palwal,2022,0.2043,2459.22,1160.79,756.13,210366,986,0,0,0,0,0,0,18.22,62.88,22.88,0.2638938964652338
Haryana,Panipat,2022,0.2025,2015.1,1667.91,1067.66,586454,1209,5,3,0,0,0,2,15.59,68.64,23.51,0.2958584315803846
Haryana,Rewari,2022,0.1596,2145.33,1811.54,1308.04,435970,676,3,1,0,0,0,2,16.16,65.09,23.13,0.3013103065156343
Haryana,Rohtak,2022,0.195,1538.57,1654.59,1050.16,280494,691,3,1,0,1,0,1,18.75,69.24,23.3,0.24107019762169307
Haryana,Sonipat,2022,0.1979,2018.04,1855.65,1103.1,586454,739,0,0,0,0,0,0,12.75,59.46,23.6,0.32074803514072414
Rajasthan,Alwar,2022,0.2219,2231.12,2013.64,1322.2,211302,560,1,0,0,0,0,1,22.1,56.68,21.95,0.29493813598978286
Rajasthan,Bharatpur,2022,0.1706,2195.0,1702.44,1167.87,111070,622,2,2,0,0,0,0,24.8,66.74,21.74,0.23043277458984582
Uttar Pradesh,Baghpat,2022,0.2468,1800.55,1471.39,1111.69,146089,1116,0,0,0,0,0,0,18.17,55.24,23.28,0.2638776787493451
Uttar Pradesh,Bulandshahr,2022,0.2419,2217.57,1579.6,1026.4,153414,963,1,1,0,0,0,0,23.58,56.55,23.12,0.26712914979414815
Uttar Pradesh,Gautam Buddha Nagar,2022,0.1984,2188.64,1835.62,1371.91,1016191,1611,6,2,1,1,0,2,17.4,59.64,23.28,0.38846721931517103
Uttar Pradesh,Ghaziabad,2022,0.1821,2214.2,1822.84,1346.59,189279,5804,69,25,15,8,0,21,20.47,56.96,23.93,0.30083737204418487
Uttar Pradesh,Hapur,2022,0.2384,3251.74,1468.29,799.59,172548,7701,0,0,0,0,0,0,22.83,58.48,23.45,0.2631852156489181
Uttar Pradesh,Meerut,2022,0.2397,2216.36,1656.89,1215.15,236109,1040,24,16,4,0,0,4,19.57,48.84,23.59,0.3120054683249912
Uttar Pradesh,Muzaffarnagar,2022,0.2649,2207.44,1708.98,1100.17,146089,1228,12,12,0,0,0,0,24.38,54.22,23.15,0.2861804952303591
Uttar Pradesh,Shamli,2022,0.2842,2263.31,1287.67,770.1,134143,1544,1,0,0,0,0,1,24.4,51.92,22.94,0.2709414136657125
Delhi,Central,2023,0.1865,2165.96,2253.91,2404.72,459496,24466,824,125,556,59,2,82,20.96,55.48,24.12,0.6626642622971973
Delhi,East,2023,0.1858,1675.48,1388.81,1654.0,442655,33171,392,98,166,53,1,74,23.75,52.2,23.87,0.48885217634945033
Delhi,New Delhi,2023,0.1931,1714.67,1065.44,2106.87,442450,5406,648,126,381,60,2,79,15.08,62.4,23.85,0.6298281791446132
Delhi,North,2023,0.1849,2362.69,1374.49,1597.3,478681,17543,515,49,409,19,2,36,13.88,55.34,24.03,0.4724096349706132
Delhi,North East,2023,0.1873,2454.78,2492.85,1648.36,485970,37400,576,52,449,30,2,43,19.9,52.2,24.09,0.491106203232264
Delhi,North West,2023,0.1873,1827.11,2057.29,2283.79,471887,37440,486,39,398,12,2,35,16.98,60.5,24.11,0.4114223886017276
Delhi,Shahdara,2023,0.1835,2373.91,2036.63,1379.74,446987,46040,651,77,473,38,2,61,24.88,58.3,23.99,0.48165713074100697
Delhi,South,2023,0.2322,1530.82,1858.63,1540.05,441740,24246,378,112,161,52,1,52,17.37,53.8,23.9,0.5215817889413598
Delhi,South East,2023,0.2093,2560.08,1465.25,2477.34,450856,29182,412,105,182,58,1,66,15.72,58.33,23.66,0.5692950932033359
Delhi,South West,2023,0.1955,2368.73,1620.11,2305.23,478781,7526,164,62,45,18,2,37,14.99,61.21,24.1,0.4563951932223199
Delhi,West,2023,0.1906,2546.84,2066.17,1772.05,493314,24160,594,72,434,29,3,56,17.95,60.8,23.9,0.5426963645243199
Haryana,Bhiwani,2023,0.1954,2259.35,796.48,1481.68,235276,410,1,0,0,0,0,1,15.36,65.82,22.83,0.2733600220677071
Haryana,Charkhi Dadri,2023,0.1939,2227.97,1581.12,1542.25,235276,489,0,0,0,0,0,0,13.94,67.92,22.99,0.2845710860375834
Haryana,Faridabad,2023,0.2248,2147.5,1850.55,1418.76,509803,3395,23,10,3,2,0,8,15.57,59.32,23.75,0.3289124453569191
Haryana,Gurgaon,2023,0.2133,1624.65,2109.81,1723.97,1037582,4014,94,45,22,7,0,20,16.8,65.6,23.16,0.4457584209986662
Haryana,Jhajjar,2023,0.2285,2576.53,2022.02,1554.73,294160,579,1,0,0,0,0,1,10.0,66.5,24.07,0.29516559547447696
Haryana,Jind,2023,0.2741,2022.45,1418.77,1139.55,519558,567,1,0,0,0,0,1,15.84,62.24,23.07,0.31785685942720376
Haryana,Karnal,2023,0.2431,2226.97,792.33,1523.9,352748,730,7,2,1,0,0,4,16.62,68.11,23.48,0.27002001190151703
Haryana,Mahendragarh,2023,0.2064,2068.72,1857.36,1455.66,193135,589,0,0,0,0,0,0,13.09,64.77,23.16,0.28407942880276776
Haryana,Mewat,2023,0.2034,2395.32,1918.08,1618.35,161099,1063,0,0,0,0,0,0,28.77,66.5,22.18,0.2653537742388037
Haryana,Palwal,2023,0.2668,2993.31,189.94,780.95,231039,1009,1,1,0,0,0,0,17.42,62.38,22.98,0.2682730387751563
Haryana,Panipat,2023,0.2709,2004.31,2583.49,1411.39,643997,1236,5,3,0,0,0,2,14.79,68.14,23.61,0.3410291291746715
Haryana,Rewari,2023,0.1889,2866.58,2339.62,1764.1,478825,687,4,2,0,0,0,2,15.36,64.59,23.23,0.3541376214476082
Haryana,Rohtak,2023,0.2625,1465.7,701.67,1398.21,308110,700,3,1,0,1,0,1,17.95,68.74,23.4,0.2382196274065986
Haryana,Sonipat,2023,0.2571,2046.89,2176.47,1437.51,643997,749,0,0,0,0,0,0,11.95,58.96,23.7,0.3520080667691605
Rajasthan,Alwar,2023,0.2158,2859.24,2182.51,1628.41,240808,572,1,0,0,0,0,1,21.3,56.18,22.05,0.3321867224549702
Rajasthan,Bharatpur,2023,0.1836,2833.21,1783.94,1308.95,123979,635,2,2,0,0,0,0,24.0,66.24,21.84,0.262253297820086
Uttar Pradesh,Baghpat,2023,0.2733,1617.53,1404.29,1361.24,122000,1129,0,0,0,0,0,0,17.37,54.74,23.38,0.26387012198804555
Uttar Pradesh,Bulandshahr,2023,0.2678,2623.64,1869.25,1147.44,128000,981,1,1,0,0,0,0,22.78,56.05,23.22,0.28763963205865256
Uttar Pradesh,Gautam Buddha Nagar,2023,0.2185,2515.68,2138.42,1615.23,848000,1663,8,3,2,1,0,2,16.6,59.14,23.38,0.3925069517889135
Uttar Pradesh,Ghaziabad,2023,0.2067,2474.31,2062.02,1681.02,158000,6012,72,26,16,8,0,22,19.67,56.46,24.03,0.32207448300097913
Uttar Pradesh,Hapur,2023,0.2792,3572.16,1674.34,768.81,144000,7977,0,0,0,0,0,0,22.03,57.98,23.55,0.2768008745152239
Uttar Pradesh,Meerut,2023,0.2598,2547.02,1894.56,1510.05,197000,1054,37,18,9,6,0,4,18.77,48.34,23.69,0.34379621664083504
Uttar Pradesh,Muzaffarnagar,2023,0.2851,2761.42,2059.33,1310.17,122000,1247,12,12,0,0,0,0,23.58,53.72,23.25,0.31369707942632924
Uttar Pradesh,Shamli,2023,0.3048,2333.33,1502.18,699.62,112000,1569,1,0,0,0,0,1,23.6,51.42,23.04,0.27559882400187863
